insert into BENHNHAN (MaBN,TenBN,NgaySinh,GioiTinh,DiaChi,SDT,NgheNghiep,NgayTiepNhan,TinhTrang) 
	values('BN0003',N'Trần Trần','05/20/1995',N'Nữ',N'226 NGuyễn Văn Cừ, Q5','0962408091',N'Học Sinh',getdate(),N'Đang chờ')
	insert into BENHNHAN (MaBN,TenBN,NgaySinh,GioiTinh,DiaChi,SDT,NgheNghiep,NgayTiepNhan,TinhTrang) 
	values('BN0004',N'Trần Anh','04/20/1995',N'Nữ',N'224 NGuyễn Văn Cừ, Q5','0962408092',N'Công Nhân',getdate(),N'Hoàn tất')
	insert into BENHNHAN (MaBN,TenBN,NgaySinh,GioiTinh,DiaChi,SDT,NgheNghiep,NgayTiepNhan,TinhTrang) 
	values('BN0005',N'Trần Ngọc','03/20/1995',N'Nữ',N'22 NGuyễn Văn Cừ, Q5','0962408093',N'Giáo viên',getdate(),N'Hoàn tất')
	insert into BENHNHAN (MaBN,TenBN,NgaySinh,GioiTinh,DiaChi,SDT,NgheNghiep,NgayTiepNhan,TinhTrang) 
	values('BN0006',N'Trần Ngọc Huệ','02/20/1995',N'Nam',N'21 NGuyễn Văn Cừ, Q5','0962408094',N'Công Nhân',getdate(),N'Đang chờ')
	insert into BENHNHAN (MaBN,TenBN,NgaySinh,GioiTinh,DiaChi,SDT,NgheNghiep,NgayTiepNhan,TinhTrang) 
	values('BN0007',N'Trần Ngọc Thùy','01/20/1995',N'Nữ',N'23 NGuyễn Văn Cừ, Q5','0962408095',N'Người mẫu',getdate(),N'Đang chờ')
	insert into BENHNHAN (MaBN,TenBN,NgaySinh,GioiTinh,DiaChi,SDT,NgheNghiep,NgayTiepNhan,TinhTrang) 
	values('BN0008',N'Trần Ngọc Lê','07/20/1995',N'Nam',N'225 NGuyễn Văn Cừ, Q5','0962408096',N'Giáo viên',getdate(),N'Hoàn tất')
	insert into BENHNHAN (MaBN,TenBN,NgaySinh,GioiTinh,DiaChi,SDT,NgheNghiep,NgayTiepNhan,TinhTrang) 
	values('BN0009',N'Trần Ngọc Trần','08/20/1995',N'Nam',N'2 NGuyễn Văn Cừ, Q5','0962408097',N'Công Nhân',getdate(),N'Hoàn tất')
	insert into BENHNHAN (MaBN,TenBN,NgaySinh,GioiTinh,DiaChi,SDT,NgheNghiep,NgayTiepNhan,TinhTrang) 
	values('BN0010',N'Trần Ngọc Thiên','09/20/1995',N'Nam',N'26 NGuyễn Văn Cừ, Q5','0962408098',N'Giáo viên',getdate(),N'Đang chờ')
	insert into BENHNHAN (MaBN,TenBN,NgaySinh,GioiTinh,DiaChi,SDT,NgheNghiep,NgayTiepNhan,TinhTrang) 
	values('BN0011',N'Trần Ngọc Bảo','10/20/1995',N'Nữ',N'28 NGuyễn Văn Cừ, Q5','0962408099',N'Người mẫu',getdate(),N'Hoàn tất')
	insert into BENHNHAN (MaBN,TenBN,NgaySinh,GioiTinh,DiaChi,SDT,NgheNghiep,NgayTiepNhan,TinhTrang) 
	values('BN0012',N'Trần Ngọc Bách','11/20/1995',N'Nữ',N'27 NGuyễn Văn Cừ, Q5','0962408081',N'Sinh Vien',getdate(),N'Hoàn tất')
	insert into BENHNHAN (MaBN,TenBN,NgaySinh,GioiTinh,DiaChi,SDT,NgheNghiep,NgayTiepNhan,TinhTrang) 
	values('BN0013',N'Trần Ngọc Châu','12/20/1995',N'Nữ',N'217 NGuyễn Văn Cừ, Q5','0962408080',N'Người mẫu',getdate(),N'Hoàn tất')
	insert into BENHNHAN (MaBN,TenBN,NgaySinh,GioiTinh,DiaChi,SDT,NgheNghiep,NgayTiepNhan,TinhTrang) 
	values('BN0014',N'Trần Ngọc Thêm','01/20/1995',N'Nữ',N'237 NGuyễn Văn Cừ, Q5','0962408082',N'Công Nhân',getdate(),N'Hoàn tất')
	insert into BENHNHAN (MaBN,TenBN,NgaySinh,GioiTinh,DiaChi,SDT,NgheNghiep,NgayTiepNhan,TinhTrang) 
	values('BN0015',N'Trần Ngọc Hồng','06/21/1994',N'Nam',N'247 NGuyễn Văn Cừ, Q5','0962408083',N'Giáo viên',getdate(),N'Đang chờ')
	insert into BENHNHAN (MaBN,TenBN,NgaySinh,GioiTinh,DiaChi,SDT,NgheNghiep,NgayTiepNhan,TinhTrang) 
	values('BN0016',N'Trần Ngọc Nguy','06/20/1993',N'Nam',N'257 NGuyễn Văn Cừ, Q5','0962408084',N'Sinh Vien',getdate(),N'Hoàn tất')
	insert into BENHNHAN (MaBN,TenBN,NgaySinh,GioiTinh,DiaChi,SDT,NgheNghiep,NgayTiepNhan,TinhTrang) 
	values('BN0017',N'Trần Ngọc Ngạn','06/20/1992',N'Nữ',N'267 NGuyễn Văn Cừ, Q5','0962408085',N'Sinh Vien',getdate(),N'Hoàn tất')
	insert into BENHNHAN (MaBN,TenBN,NgaySinh,GioiTinh,DiaChi,SDT,NgheNghiep,NgayTiepNhan,TinhTrang) 
	values('BN0018',N'Trần Ngọc Tình','06/20/1991',N'Nam',N'277 NGuyễn Văn Cừ, Q5','0962408086',N'Công Nhân',getdate(),N'Hoàn tất')
	insert into BENHNHAN (MaBN,TenBN,NgaySinh,GioiTinh,DiaChi,SDT,NgheNghiep,NgayTiepNhan,TinhTrang) 
	values('BN0019',N'Trần Ngọc Ngọc','06/20/1996',N'Nữ',N'287 NGuyễn Văn Cừ, Q5','0962408087',N'Người mẫu',getdate(),N'Hoàn tất')
	insert into BENHNHAN (MaBN,TenBN,NgaySinh,GioiTinh,DiaChi,SDT,NgheNghiep,NgayTiepNhan,TinhTrang) 
	values('BN0020',N'Trần Ngọc Thúy','06/20/1997',N'Nữ',N'297 NGuyễn Văn Cừ, Q5','0962408088',N'Giáo viên',getdate(),N'Đang chờ')
	insert into BENHNHAN (MaBN,TenBN,NgaySinh,GioiTinh,DiaChi,SDT,NgheNghiep,NgayTiepNhan,TinhTrang) 
	values('BN0021',N'Trần Ngọc Bé','06/20/1998',N'Nam',N'127 NGuyễn Văn Cừ, Q5','0962408089',N'Sinh Vien',getdate(),N'Hoàn tất')
	insert into BENHNHAN (MaBN,TenBN,NgaySinh,GioiTinh,DiaChi,SDT,NgheNghiep,NgayTiepNhan,TinhTrang) 
	values('BN0022',N'Trần Ngọc Xinh','06/20/1999',N'Nam',N'327 NGuyễn Văn Cừ, Q5','0962408070',N'Sinh Vien',getdate(),N'Hoàn tất')
	insert into BENHNHAN (MaBN,TenBN,NgaySinh,GioiTinh,DiaChi,SDT,NgheNghiep,NgayTiepNhan,TinhTrang) 
	values('BN0023',N'Trần Ngọc Em','06/20/1988',N'Nam',N'527 NGuyễn Văn Cừ, Q5','0962408071',N'Công Nhân',getdate(),N'Hoàn tất')
	insert into BENHNHAN (MaBN,TenBN,NgaySinh,GioiTinh,DiaChi,SDT,NgheNghiep,NgayTiepNhan,TinhTrang) 
	values('BN0024',N'Trần Ngọc Ngã','06/20/1989',N'Nam',N'427 NGuyễn Văn Cừ, Q5','0962408072',N'Giáo viên',getdate(),N'Hoàn tất')
	insert into BENHNHAN (MaBN,TenBN,NgaySinh,GioiTinh,DiaChi,SDT,NgheNghiep,NgayTiepNhan,TinhTrang) 
	values('BN0025',N'Trần Ngọc Ngà','06/20/1990',N'Nữ',N'727 NGuyễn Văn Cừ, Q5','0962408073',N'Người mẫu',getdate(),N'Đang chờ')
	insert into BENHNHAN (MaBN,TenBN,NgaySinh,GioiTinh,DiaChi,SDT,NgheNghiep,NgayTiepNhan,TinhTrang) 
	values('BN0026',N'Trần Ngọc Nga','06/20/1987',N'Nam',N'227 NGuyễn Văn Cừ, Q4','0962408074',N'Sinh Vien',getdate(),N'Đang chờ')
	insert into BENHNHAN (MaBN,TenBN,NgaySinh,GioiTinh,DiaChi,SDT,NgheNghiep,NgayTiepNhan,TinhTrang) 
	values('BN0027',N'Trần Ngọc Vui','06/20/1986',N'Nam',N'227 NGuyễn Văn Cừ, Q3','0962408075',N'Công Nhân',getdate(),N'Hoàn tất')
	insert into BENHNHAN (MaBN,TenBN,NgaySinh,GioiTinh,DiaChi,SDT,NgheNghiep,NgayTiepNhan,TinhTrang) 
	values('BN0028',N'Trần Ngọc Vũ','06/20/1985',N'Nam',N'227 NGuyễn Văn Cừ, Q1','0962408076',N'Sinh Vien',getdate(),N'Đang chờ')
	insert into BENHNHAN (MaBN,TenBN,NgaySinh,GioiTinh,DiaChi,SDT,NgheNghiep,NgayTiepNhan,TinhTrang) 
	values('BN0029',N'Trần Ngọc Vân','06/20/1984',N'Nữ',N'227 NGuyễn Văn Cừ, Q6','0962408077',N'Sinh Vien',getdate(),N'Hoàn tất')
	insert into BENHNHAN (MaBN,TenBN,NgaySinh,GioiTinh,DiaChi,SDT,NgheNghiep,NgayTiepNhan,TinhTrang) 
	values('BN0030',N'Trần Ngọc Thanh','06/20/1983',N'Nam',N'227 NGuyễn Văn Cừ, Q7','0962408078',N'Công Nhân',getdate(),N'Hoàn tất')
	insert into BENHNHAN (MaBN,TenBN,NgaySinh,GioiTinh,DiaChi,SDT,NgheNghiep,NgayTiepNhan,TinhTrang) 
	values('BN0031',N'Trần Ngọc Ảnh','06/20/1982',N'Nam',N'227 NGuyễn Văn Cừ, Q8','0962408079',N'Người mẫu',getdate(),N'Đang chờ')
	insert into BENHNHAN (MaBN,TenBN,NgaySinh,GioiTinh,DiaChi,SDT,NgheNghiep,NgayTiepNhan,TinhTrang) 
	values('BN0032',N'Trần Ngọc Ẩn','06/20/1981',N'Nữ',N'227 NGuyễn Văn Cừ, Q9','0962408060',N'Sinh Vien',getdate(),N'Hoàn tất')
	insert into BENHNHAN (MaBN,TenBN,NgaySinh,GioiTinh,DiaChi,SDT,NgheNghiep,NgayTiepNhan,TinhTrang) 
	values('BN0033',N'Trần Ngọc A','06/21/1995',N'Nam',N'27 NGuyễn Văn Cừ, Q9','0962408061',N'Người mẫu',getdate(),N'Đang chờ')
	insert into BENHNHAN (MaBN,TenBN,NgaySinh,GioiTinh,DiaChi,SDT,NgheNghiep,NgayTiepNhan,TinhTrang) 
	values('BN0034',N'Trần Ngọc An','06/22/1995',N'Nữ',N'7 NGuyễn Văn Cừ, Q5','0962408062',N'Công Nhân',getdate(),N'Hoàn tất')


insert into BENH (MaBenh,TenBenh) values('BENH01',N'Cao huyết áp')
insert into BENH (MaBenh,TenBenh) values('BENH02',N'Máu khó đông')
insert into BENH (MaBenh,TenBenh) values('BENH03',N'Suy tim')
insert into BENH (MaBenh,TenBenh) values('BENH04',N'Hen')
insert into BENH (MaBenh,TenBenh) values('BENH05',N'Tâm thần')
insert into BENH (MaBenh,TenBenh) values('BENH06',N'Tiểu đường')
insert into BENH (MaBenh,TenBenh) values('BENH07',N'Dị ứng thuốc')
insert into BENH (MaBenh,TenBenh) values('BENH08',N'HIV')

insert into NHANVIEN (ID,HoTen,NgaySinh,DiaChi,SDT,CMND,Luong,Loai,NgayVaoLam)
	values('NV0001',N'Trần Thị Vân Anh','07/07/1997',N'9 Tân Quý, Q.Tân Phú','0123456789','123456789',10000000,N'Phụ tá',GETDATE())
	insert into NHANVIEN (ID,HoTen,NgaySinh,DiaChi,SDT,CMND,Luong,Loai,NgayVaoLam)
	values('NV0002',N'Trần Vân Anh','07/07/1985',N'10 Tân Quý, Q.Tân Phú','0123456788','123456788',30000000,N'Bác sĩ',GETDATE())
	insert into NHANVIEN (ID,HoTen,NgaySinh,DiaChi,SDT,CMND,Luong,Loai,NgayVaoLam)
	values('NV0003',N'Trần Thị Anh','07/07/1996',N'8 Tân Quý, Q.Tân Phú','0123456787','123456787',10000000,N'Phụ tá',GETDATE())
	insert into NHANVIEN (ID,HoTen,NgaySinh,DiaChi,SDT,CMND,Luong,Loai,NgayVaoLam)
	values('NV0004',N'Trần Thị An','07/07/1986',N'5 Tân Quý, Q.Tân Phú','0123456786','123456786',35000000,N'Bác sĩ',GETDATE())
	insert into NHANVIEN (ID,HoTen,NgaySinh,DiaChi,SDT,CMND,Luong,Loai,NgayVaoLam)
	values('NV0005',N'Vũ Thị Vân','07/08/1990',N'1 Tân Quý, Q.Tân Phú','0123456785','123456785',10000000,N'Tiếp tân',GETDATE())
	insert into NHANVIEN (ID,HoTen,NgaySinh,DiaChi,SDT,CMND,Luong,Loai,NgayVaoLam)
	values('NV0006',N'Vũ Thị Vân Anh','07/07/1980',N'3 Tân Quý, Q.Tân Phú','0123456782','123456782',8000000,N'Giúp việc',GETDATE())

	insert into DICHVU (MaDV,TenDV,DonGia) values('DV0001',N'Trám răng',100000)
	insert into DICHVU (MaDV,TenDV,DonGia) values('DV0002',N'Nhổ răng',100000)
insert into DICHVU (MaDV,TenDV,DonGia) values('DV0003',N'Nhổ răng khôn',500000)
insert into DICHVU (MaDV,TenDV,DonGia) values('DV0004',N'Chữa tủy',400000)
insert into DICHVU (MaDV,TenDV,DonGia) values('DV0005',N'Tẩy trắng',1000000)
insert into DICHVU (MaDV,TenDV,DonGia) values('DV0006',N'Răng tháo lắp',200000)
insert into DICHVU (MaDV,TenDV,DonGia) values('DV0007',N'Răng sứ kim loại',600000)
insert into DICHVU (MaDV,TenDV,DonGia) values('DV0008',N'Răng sứ titan',1500000)
insert into DICHVU (MaDV,TenDV,DonGia) values('DV0009',N'Răng sứ zico',3000000)
insert into DICHVU (MaDV,TenDV,DonGia) values('DV0010',N'Implant',2000000)
insert into DICHVU (MaDV,TenDV,DonGia) values('DV0011',N'Niềng răng',3000000)
insert into DICHVU (MaDV,TenDV,DonGia) values('DV0012',N'Nhổ răng trẻ em',50000)

insert into CONGVIEC(MaCV,MaDV,TenCV) values('CV0001','DV0001',N'Chữa tủy trám')
insert into CONGVIEC(MaCV,MaDV,TenCV) values('CV0002','DV0001',N'Trám răng')
insert into CONGVIEC(MaCV,MaDV,TenCV) values('CV0003','DV0002',N'Nhổ răng')
insert into CONGVIEC(MaCV,MaDV,TenCV) values('CV0004','DV0003',N'Nhổ răng')
insert into CONGVIEC(MaCV,MaDV,TenCV) values('CV0005','DV0004',N'Chữa tủy')
insert into CONGVIEC(MaCV,MaDV,TenCV) values('CV0006','DV0005',N'Lấy mẫu hàm tẩy')
insert into CONGVIEC(MaCV,MaDV,TenCV) values('CV0007','DV0005',N'Tẩy trắng')
insert into CONGVIEC(MaCV,MaDV,TenCV) values('CV0008','DV0006',N'Lấy mẫu hàm phục hình tháo lắp')
insert into CONGVIEC(MaCV,MaDV,TenCV) values('CV0009','DV0006',N'Thử răng tháo lắp')
insert into CONGVIEC(MaCV,MaDV,TenCV) values('CV0010','DV0006',N'Giao răng tháo lắp')
insert into CONGVIEC(MaCV,MaDV,TenCV) values('CV0011','DV0007',N'Lấy mẫu răng tạm')
insert into CONGVIEC(MaCV,MaDV,TenCV) values('CV0012','DV0007',N'Chữa tủy phục hình')
insert into CONGVIEC(MaCV,MaDV,TenCV) values('CV0013','DV0007',N'Nhổ răng phục hình')
insert into CONGVIEC(MaCV,MaDV,TenCV) values('CV0014','DV0007',N'Phẫu thuật phục hình')
insert into CONGVIEC(MaCV,MaDV,TenCV) values('CV0015','DV0007',N'Thử răng sứ')
insert into CONGVIEC(MaCV,MaDV,TenCV) values('CV0016','DV0007',N'Gắn cố định')
insert into CONGVIEC(MaCV,MaDV,TenCV) values('CV0017','DV0010',N'Phẫu thuật đặt trụ')
insert into CONGVIEC(MaCV,MaDV,TenCV) values('CV0018','DV0010',N'Kiểm tra tương thích')
insert into CONGVIEC(MaCV,MaDV,TenCV) values('CV0019','DV0010',N'Phẫu thuật phục hình')
insert into CONGVIEC(MaCV,MaDV,TenCV) values('CV0020','DV0010',N'Gắn mão sứ')
insert into CONGVIEC(MaCV,MaDV,TenCV) values('CV0021','DV0011',N'Kiểm tra')
insert into CONGVIEC(MaCV,MaDV,TenCV) values('CV0022','DV0011',N'Đặt thiết bị')
insert into CONGVIEC(MaCV,MaDV,TenCV) values('CV0023','DV0011',N'Theo dõi quá trình')
insert into CONGVIEC(MaCV,MaDV,TenCV) values('CV0024','DV0012',N'Nhổ răng trẻ em')


insert into TIEUSUBENH(MaBN,MaBenh,TinhTrang) values('BN0001','BENH01',N'Đã khỏi')
insert into TIEUSUBENH(MaBN,MaBenh,TinhTrang) values('BN0001','BENH03',N'Đã khỏi')
insert into TIEUSUBENH(MaBN,MaBenh,TinhTrang) values('BN0001','BENH05',N'Chưa khỏi')
insert into TIEUSUBENH(MaBN,MaBenh,TinhTrang) values('BN0020','BENH08',N'Đã khỏi')
insert into TIEUSUBENH(MaBN,MaBenh,TinhTrang) values('BN0022','BENH01',N'Đã khỏi')
insert into TIEUSUBENH(MaBN,MaBenh,TinhTrang) values('BN0033','BENH07',N'Chưa khỏi')
insert into TIEUSUBENH(MaBN,MaBenh,TinhTrang) values('BN0007','BENH02',N'Đã khỏi')
insert into TIEUSUBENH(MaBN,MaBenh,TinhTrang) values('BN0005','BENH01',N'Đã khỏi')
insert into TIEUSUBENH(MaBN,MaBenh,TinhTrang) values('BN0011','BENH04',N'Chưa khỏi')


insert into THIETBI(ID,Ten,Gia,SoLuong,NgayNhap,BaoHanh) values('TB0001',N'Ghế nha NB22',60000000,2,GETDATE(),'12/12/2020')
insert into THIETBI(ID,Ten,Gia,SoLuong,NgayNhap,BaoHanh) values('TB0002',N'Ghế nha NB22',58000000,1,GETDATE(),'12/12/2021')
insert into THIETBI(ID,Ten,Gia,SoLuong,NgayNhap,BaoHanh) values('TB0003',N'Tay khoan JP21',6000000,1,GETDATE(),'12/12/2019')
insert into THIETBI(ID,Ten,Gia,SoLuong,NgayNhap,BaoHanh) values('TB0004',N'Tủ vô trùng K222',8000000,2,GETDATE(),'12/12/2020')
insert into THIETBI(ID,Ten,Gia,SoLuong,NgayNhap,BaoHanh) values('TB0005',N'Lò hấp',13000000,2,GETDATE(),'12/12/2020')
insert into THIETBI(ID,Ten,Gia,SoLuong,NgayNhap,BaoHanh) values('TB0006',N'Thuốc trám Anco3',200000,10,GETDATE(),null)
insert into THIETBI(ID,Ten,Gia,SoLuong,NgayNhap,BaoHanh) values('TB0007',N'Thuốc tê Red',300000,5,GETDATE(),null)
insert into THIETBI(ID,Ten,Gia,SoLuong,NgayNhap,BaoHanh) values('TB0008',N'Thuốc tê Green',280000,10,GETDATE(),null)
insert into THIETBI(ID,Ten,Gia,SoLuong,NgayNhap,BaoHanh) values('TB0009',N'Găng y tế',200000,3,GETDATE(),null)
insert into THIETBI(ID,Ten,Gia,SoLuong,NgayNhap,BaoHanh) values('TB0010',N'Kìm nhổ Z',350000,2,GETDATE(),null)
insert into THIETBI(ID,Ten,Gia,SoLuong,NgayNhap,BaoHanh) values('TB0011',N'Máy lấy vôi',3000000,3,GETDATE(),'12/12/2020')

insert into LICHHEN(MaLich,MaBN,MaBS,Ngay,Gio,MaCongViec) values('L00001','BN0003','NV0002','01/20/2018','08:30','CV0011')
insert into LICHHEN(MaLich,MaBN,MaBS,Ngay,Gio,MaCongViec) values('L00002','BN0030','NV0004','01/20/2018','13:00','CV0005')
insert into LICHHEN(MaLich,MaBN,MaBS,Ngay,Gio,MaCongViec) values('L00003','BN0020','NV0004','01/20/2018','17:00','CV0008')
insert into LICHHEN(MaLich,MaBN,MaBS,Ngay,Gio,MaCongViec) values('L00004','BN0017','NV0002','01/21/2018','9:00','CV0002')
insert into LICHHEN(MaLich,MaBN,MaBS,Ngay,Gio,MaCongViec) values('L00005','BN0003','NV0002','01/22/2018','8:30','CV0014')
insert into LICHHEN(MaLich,MaBN,MaBS,Ngay,Gio,MaCongViec) values('L00006','BN0033','NV0002','01/25/2018','8:30','CV0015')
insert into LICHHEN(MaLich,MaBN,MaBS,Ngay,Gio,MaCongViec) values('L00007','BN0022','NV0004','01/21/2018','08:30','CV0004')
insert into LICHHEN(MaLich,MaBN,MaBS,Ngay,Gio,MaCongViec) values('L00008','BN0011','NV0002','01/20/2018','8:30','CV0006')


insert into BENHAN(MaBA,MaBN,MaBS,MaPT,MaDV,NgayBD,NgayKT) values('BA0001','BN0003','NV0002','NV0001','DV0009','01/20/2018',null)
insert into BENHAN(MaBA,MaBN,MaBS,MaPT,MaDV,NgayBD,NgayKT) values('BA0002','BN0030','NV0004','NV0001','DV0004','01/20/2018',null)
insert into BENHAN(MaBA,MaBN,MaBS,MaPT,MaDV,NgayBD,NgayKT) values('BA0003','BN0020','NV0004','NV0003','DV0006','01/20/2018',null)
insert into BENHAN(MaBA,MaBN,MaBS,MaPT,MaDV,NgayBD,NgayKT) values('BA0004','BN0017','NV0002','NV0001','DV0001','01/21/2018',null)
insert into BENHAN(MaBA,MaBN,MaBS,MaPT,MaDV,NgayBD,NgayKT) values('BA0005','BN0033','NV0002','NV0003','DV0007','01/25/2018',null)
insert into BENHAN(MaBA,MaBN,MaBS,MaPT,MaDV,NgayBD,NgayKT) values('BA0006','BN0022','NV0004','NV0001','DV0003','01/21/2018',null)
insert into BENHAN(MaBA,MaBN,MaBS,MaPT,MaDV,NgayBD,NgayKT) values('BA0007','BN0011','NV0002','NV0003','DV0005','01/20/2018',null)

insert into HOADON(MaBN,MaBA,SoLuong,ThanhTien,NgayLap) values('BN0003','BA0001',20,60000000,'01/20/2018')